timestamp_ms,seq,fp_index,rx_power,fp_power,noise,i0,q0,i1,q1,i2,q2,i3,q3,i4,q4,i5,q5,i6,q6,i7,q7,i8,q8,i9,q9,i10,q10,i11,q11,i12,q12,i13,q13,i14,q14,i15,q15,i16,q16,i17,q17,i18,q18,i19,q19,i20,q20,i21,q21,i22,q22,i23,q23,i24,q24,i25,q25,i26,q26,i27,q27,i28,q28,i29,q29,i30,q30,i31,q31,i32,q32,i33,q33,i34,q34,i35,q35,i36,q36,i37,q37,i38,q38,i39,q39,i40,q40,i41,q41,i42,q42,i43,q43,i44,q44,i45,q45,i46,q46,i47,q47,i48,q48,i49,q49,i50,q50,i51,q51,i52,q52,i53,q53,i54,q54,i55,q55,i56,q56,i57,q57,i58,q58,i59,q59,i60,q60,i61,q61,i62,q62,i63,q63,i64,q64,i65,q65,i66,q66,i67,q67,i68,q68,i69,q69,i70,q70,i71,q71,i72,q72,i73,q73,i74,q74,i75,q75,i76,q76,i77,q77,i78,q78,i79,q79,i80,q80,i81,q81,i82,q82,i83,q83,i84,q84,i85,q85,i86,q86,i87,q87,i88,q88,i89,q89,i90,q90,i91,q91,i92,q92,i93,q93,i94,q94,i95,q95,i96,q96,i97,q97,i98,q98,i99,q99,i100,q100,i101,q101,i102,q102,i103,q103,i104,q104,i105,q105,i106,q106,i107,q107,i108,q108,i109,q109,i110,q110,i111,q111,i112,q112,i113,q113,i114,q114,i115,q115,i116,q116,i117,q117,i118,q118,i119,q119,i120,q120,i121,q121,i122,q122,i123,q123,i124,q124,i125,q125,i126,q126,label
710,0,738,84,4852942,-2228225,262144,-1310721,-2752513,-2031617,-262145,1769472,3407872,2621440,1114112,-458753,-720897,-2424833,-4521985,-3670017,-2293761,-524289,2097152,2424832,393216,3801088,-2686977,3801088,-2818049,-1900545,2490368,-3080193,4849664,-1638401,-2162689,-393217,-7733249,2818048,-6684673,-1,-1310721,-65537,3735552,-2555905,5242880,-851969,851968,-5242881,-1,-3080193,393216,-3735553,5111808,1703936,-1179649,3473408,1572864,2621440,-3604481,-655361,917504,917504,4915200,5111808,983040,-1,-720897,1507328,1179648,2228224,-3801089,4915200,1835008,1114112,-1835009,-1900545,-1638401,3538944,-3342337,3473408,-524289,-1441793,-65537,-1966081,-3604481,-2424833,4325376,-4063232,-4849408,4129280,7537152,-2752512,3015168,6224895,3344128,5241087,2429696,-3079680,-5368064,1183488,-7271168,-7599616,458495,7600895,1243903,-1053185,7536640,7009279,7997440,5701888,7997952,-3143168,4654592,-6747904,6356992,-3013632,-590337,6226432,6225663,-393217,7471103,-852737,-2883584,-2032897,-7011840,-4522753,5964288,2621439,-7143425,-5111809,2751999,2555647,4586495,261631,-3015681,6422015,1833983,-196865,-2688257,4587776,-6358017,-4456192,4390399,6881280,7077887,-2490625,2555904,-3866881,4653056,6029311,-7405568,8191999,1179904,6356991,393472,7995391,-4784128,5767167,4128768,-655617,-3080193,-7536641,983040,-7733248,-7405569,852224,-786689,-5832704,786431,1769472,-4522241,-1703937,-6029569,-1703937,-5439745,458752,2752511,1245184,-2621441,6422528,-3866625,-7208960,-7077889,5898240,-3211265,-3145729,-1048577,3735551,2097152,5177343,262144,-5177345,2228224,-1179649,4849664,3997696,3670016,2293760,2490368,1966080,3342336,-65537,3801088,-4980737,-1245185,-1,-655361,1638400,8323071,2752512,-8126465,-1,-3407873,720896,65536,4390912,3866624,-1507329,4587520,-3014657,262144,-2490369,-6881281,1048576,-4194305,5898240,-3670017,7929856,-7077889,4718592,-3997697,2883584,-2162689,262144,-3735553,-3342337,-4521985,1638400,-6291457,-720897,-7208961,-655361,-4980737,131072,524288,5963776,-2621441,2162688,-65537,5439488,-3211265,1572864,-3276801,4718592,-5898241,1900544,1703936,3670016,-655361,-2293761,-2162689,rx
1742,1,742,41,5052826,4784128,-3735553,720896,-1638401,-1114113,-1114113,-524289,851968,-524289,5242880,-2228225,4194304,1245184,1114112,3145728,1310720,4063232,3342336,-1507329,1376256,-4980737,-1507329,-3932161,-6815745,-5373953,-3080193,-2818049,4718592,3276800,-1638401,3407872,655360,-2031617,196608,327680,-2621441,2359296,-4456449,917504,-2162689,1900544,-1441793,-1114113,262144,-5439489,851968,-1769473,3014656,786432,4194304,4521984,3014656,2490368,-1179649,786432,0,327680,786432,-1441793,2818048,-65537,983040,786432,3014656,655360,-393217,-65537,2293760,-2293761,2293760,1376256,-1,458752,-196609,-1245185,2949120,196608,2031616,-8388608,-1769472,3474176,4129536,3934464,-5241856,-5567744,458495,1704960,-724225,-3344641,-4525825,3994367,7011327,4783103,-1702656,67072,1280,-2750464,-5702145,3801856,6814207,-2228993,-4523265,-5571585,2489855,-5636609,-2294273,2490367,-4456705,4063231,7405824,-4259841,-8191232,-6160384,-1703424,-7012352,-4259840,-7077889,786432,2752511,-6881024,7405568,8323584,-7667456,-8126208,6881536,-8192000,-1179648,6095104,-7798528,524800,-1113856,4522240,721408,131072,-4325120,-7143425,-131072,7602176,-4849664,6029568,-327681,852224,6553599,-1441793,-7471105,-3342337,-262145,1179648,5308416,3276800,7208960,1114112,-3211265,3801088,6815743,-7798784,4194303,-7929856,7864319,3538944,4849664,4456448,7798784,3407872,4128768,3538944,-2359297,-1703937,7340031,-6094849,-3473409,-262145,0,2359296,1572864,-655361,6356992,-393217,-8323072,-2752513,7012352,-4063233,131072,-4521985,-3014657,-4325377,-5636097,-3014657,-1048577,-1966081,2359296,-917505,4849664,-983041,4390912,-3538945,2228224,1638400,-262145,2555904,-2424833,5505024,-196609,5636096,1966080,-65537,-458753,917504,524288,1638400,-196609,5373952,-1900545,2424832,-3801089,-983041,-1703937,-393217,-786433,-1114113,-3670017,3473408,-3670017,5439488,-4718593,3735552,-3211265,2031616,-3735553,458752,-1638401,1114112,-3211265,-1966081,-6160385,655360,-4718593,5439488,-1179649,7405568,-2293761,3932160,393216,2424832,-4915201,851968,-6225921,786432,-2359297,-524289,2228224,-983041,3342336,1572864,1114112,3473408,rx
2775,2,741,24,4938138,851968,-2621441,720896,-1376257,-1507329,-983041,1900544,1507328,3538944,2949120,2228224,393216,-917505,-4587521,-2818049,589824,524288,6946816,1703936,4587520,1310720,4849664,-1507329,4980736,-3670017,5046272,-2424833,1703936,-4849665,458752,-3407873,-1703937,-2293761,-3604481,-1703937,-65537,2490368,2818048,2097152,4521984,-2228225,917504,-5570561,-720897,-5111809,-2162689,-196609,-1048577,5177344,1114112,786432,3080192,-1048577,5308416,-4325377,1179648,-393217,-3145729,2097152,720896,-458753,-524289,-2686977,131072,3801088,262144,1638400,524288,-2555905,-393217,-1114113,-2818049,-1048577,-1179649,65536,3473408,-4128769,3276800,-5242881,7143424,-2555648,7340288,-2750976,-3735296,-260096,-7537153,6816000,4650751,-985601,-2886657,3405055,5765887,-6423041,-6684416,-719616,4325632,7276032,-3277569,7995904,-1639681,2883583,4979967,-2949633,-8323329,-2359809,3801088,-7995649,5177600,-6881281,262656,1704192,-7143168,1769984,917504,5243136,-5243137,-6553600,4718591,5373952,5767424,-2818048,-3145472,8126720,4063232,5112064,720895,7602432,3997696,-5963520,-2227968,-6356736,-3079936,3866880,-524289,2818304,-3408129,-393216,2490367,-2490368,2097152,2228224,-7536640,7208959,-589825,1245183,8126463,-1048577,7864319,6488064,-2424833,3342336,-3932161,1376256,2490368,1179648,3342336,65536,6356992,1638400,2228224,-393217,-131073,-1703937,2162688,-4390913,7012352,-1835009,6160384,-1703937,4128768,-2293761,3801088,-5308417,1703936,-4915201,6225920,131072,-6946816,-7536640,3801088,6553600,-196609,655360,3342336,458752,5898240,-2162689,2424832,-131073,524288,-2293761,-3407873,-3342337,-2752513,-1507329,1114112,-4390913,-524289,-720897,983040,-3014657,3407872,-6422529,4915200,-5177345,3932160,-3276801,1048576,-4063233,1835008,-1245185,1900544,2359296,-983041,3080192,-196609,-1,-1,-1179649,3604480,-458753,1310720,262144,3473408,1310720,1507328,-720897,-3604481,-1114113,-2424833,-851969,3342336,851968,4390912,-3080193,3538944,1048576,1703936,-1835009,589824,-2818049,-1441793,-3670017,-3473409,-3997697,-1048577,3932160,5373952,4915200,1245184,3342336,-327681,-4063233,-4259841,-1048577,3211264,rx
3807,3,738,25,3407872,3145728,327680,0,2293760,-1114113,524288,-327681,-262145,2621440,-720897,-1310721,-1114113,-1,1638400,-524289,2883584,-1245185,2293760,1572864,-983041,4194304,-1376257,2359296,5963776,2490368,3932160,-327681,1114112,1900544,-2818049,983040,-3407873,2752512,589824,196608,1441792,-655361,-3211265,-917505,-2621441,393216,-5832705,-131073,-3407873,131072,-2228225,131072,-1900545,1310720,-1376257,-917505,-4521985,65536,-4194305,-5767169,-5570561,-1048577,4259840,786432,7012352,1441792,-131073,-65537,-2228225,131072,-2097153,851968,720896,-2359297,1572864,-1900545,-393217,5701632,2490368,2752512,1638400,-4980737,-983041,-196609,-7274496,-1244672,-5046016,5310464,4915456,-5503232,-4654081,-7602689,-6163201,-4197377,5109247,-5900801,-2818817,3932160,5505280,-653824,-4980993,-2489088,4782847,2490624,-1508865,-6095105,6421759,-4850177,327679,-7667969,8257536,5505023,6684928,5242880,-4652800,7209216,-7733248,6226176,4980735,-5767168,-1179905,4259840,-5439488,7471104,1376768,-1245184,3145984,2359552,5111807,-4259840,-4784385,-2818048,2424832,393472,7078144,5112064,2687232,1507584,-6619137,2621696,-5177601,3080448,-6422529,-5046272,-6225920,5636095,6488064,-4980993,-4980737,-1179905,7864319,8257535,-5308417,-3014657,-8257537,-589825,4718591,1048576,-3145729,5177344,4587520,6619136,-8323072,5242880,6422528,4521984,3801088,1572864,1114112,-327681,-3932161,131072,-1310721,1507328,2752512,2883584,-6881280,6881280,6225920,1966080,4521984,1376256,-1441793,-327681,-4063233,3473408,-2097153,786432,-1048577,-917505,720896,-2752513,-589825,-2162689,-131073,1835008,5701632,-1835009,4784128,-3014657,5111808,-6225921,589824,-1441793,-196609,-1703937,-655361,786432,0,-3276801,5505024,-3604481,4849664,-7929857,3735552,-1245185,4849664,2555904,7995392,-3866625,2097152,-2228225,2686976,-458753,2490368,-2621441,-2555905,-2818049,-7012353,-4784129,-6815745,-2686977,524288,-393217,5308416,786432,2162688,2424832,131072,-327681,1114112,-4456449,524288,-4390913,4325376,-2424833,7340032,-7274497,5505024,-6029313,1507328,-3014657,-1376257,-1179649,-327681,3407872,4587520,-262145,5832704,-5046273,4456448,rx
4839,4,737,48,3522561,-1900545,-327681,65536,2883584,393216,2949120,-2752513,-851969,720896,-3211265,2621440,-3932161,2686976,-851969,1507328,-393217,1769472,851968,2162688,-1835009,-2162689,-655361,-2293761,2097152,0,-786433,3145728,-3080193,4194304,393216,917504,-1310721,-1572865,-3866625,-1900545,-1769473,-786433,-65537,1638400,-3145729,2424832,4194304,-327681,4128768,1245184,2293760,-3211265,4456448,196608,-2424833,3604480,-983041,262144,-983041,2949120,-1310721,0,-1179649,-983041,-196609,458752,5505024,1179648,5636096,-2228225,2031616,-2293761,-2097153,-262145,7798783,-458753,393216,3211264,-1310721,3932160,-589825,3866624,262144,-983041,5111808,1573376,-393473,-7535360,-4523521,-7273984,-68609,-7473665,-3803137,6482943,-5897216,-3084033,-7271424,-6619393,-5765888,721664,392191,-4063745,-6687233,-3737345,-1902337,3406335,1048575,6356223,-1179392,-2556161,3342848,7208960,6226176,-5242624,-6750208,786944,3801087,3342336,-2228737,-721409,-3998209,-655617,-7536641,-2096896,4129024,6226688,8192000,-4914944,3997439,6750207,-7537153,8388607,-3997953,7471360,3407872,4522496,7143424,-1179648,-7143425,1638399,-3539201,2686975,8191743,5832704,-6226177,-4325376,-1179649,-6356993,-589824,3211263,2294016,-5898241,-6225920,3145728,-1441793,-2752513,-6422529,-5308417,-1966081,3538944,-3670017,-7274496,-4325377,-5046272,-6946817,-3080192,-2949121,7602176,-3801089,6291456,-5898241,3407872,1835008,3997696,-6619136,6291456,-4718592,2097152,6946816,2359296,3014656,-3997697,524288,8060927,-2228225,-5832705,-4259841,-1245185,-720897,3407872,8060928,3932160,4456448,1507328,-7798784,2949120,720896,393216,917504,-3276801,1769472,-786433,2752512,4390912,1310720,3342336,3211264,-1507329,4587520,-2424833,2097152,131072,786432,-2490369,2883584,-524289,3801088,-1900545,1179648,-917505,-65537,1769472,1703936,1900544,1245184,2162688,2883584,3211264,6881280,851968,6160384,458752,3604480,-1966081,3211264,458752,3473408,-131073,65536,3538944,458752,-1703937,-1310721,4456448,-1441793,1376256,2883584,-1835009,3080192,851968,-1179649,65536,1966080,3538944,3407872,5111808,-1114113,983040,-1376257,524288,2162688,rx
5872,5,738,46,3322676,-327681,4587520,524288,65536,-1507329,-1966081,589824,-4915201,655360,-1769473,-458753,-1179649,-1835009,0,3014656,-3538945,2424832,-1507329,65536,2162688,-4128769,786432,-4194305,1376256,-1441793,2686976,393216,1835008,393216,1114112,-3276801,-1179649,-1703937,393216,-131073,-2228225,589824,-1114113,-3342337,-1048577,-458753,-2424833,262144,-1507329,3997696,-983041,2228224,-983041,0,-3801089,-3473409,-1638401,-8126465,720896,-2293761,1179648,4653056,-3080193,5767168,-1900545,1114112,262144,-786433,-393217,-393217,-327681,786432,786432,-589825,4063232,-1507329,-1507329,196608,-3211265,851968,-4784129,-2031617,-917505,589824,4194304,-7012352,5635839,-5570561,-6883073,-3081729,6747647,-68865,5242879,7861247,-8253696,3866111,-5827840,787200,-5503488,5767167,3406591,391679,-1050625,129279,-4981249,5503999,4456960,-5570817,5505792,7077888,7733760,6881536,1638656,7340544,-6881281,-3866368,-1835265,4718591,-2162945,-525057,1179648,5046015,-5439488,-7339776,-3473409,-5570048,4849407,-2359297,-5243393,6749695,1638143,7274239,-7930113,-1048576,3342079,-5177088,1572607,-2818049,-3932417,-2294273,5832703,-6554113,-983297,-4194561,-4980993,-3080193,655359,2752512,7536640,5636096,2818304,5242880,-5767168,-2883585,-3538945,-6750209,-4718593,7471103,5373952,393216,1114112,6094848,-5701633,-6684672,4718591,-5832704,1572863,4915200,4456447,1507328,-1441793,720896,3145728,4653056,1769472,8060928,-131073,8192000,-3080193,7929856,-3211265,3342336,-1245185,-327681,-2031617,7929855,-5505025,-2162689,-2359297,3997696,-2031617,-7340032,-2424833,7798784,2555904,3997696,3670016,-720897,2883584,-3342337,-2555905,2949120,1835008,6094848,2555904,-7864320,851968,7274496,-3080193,4063232,-1703937,-131073,-65537,2621440,4653056,2424832,6553600,1179648,5111808,2949120,2555904,2424832,655360,4718592,458752,3145728,2818048,786432,5177344,-3801089,2228224,458752,2490368,6750208,-196609,3276800,1441792,1245184,1835008,1441792,2621440,1245184,-655361,2621440,-1310721,3735552,-1769473,2490368,720896,-262145,458752,4587520,2097152,-917505,-589825,2424832,327680,4063232,-2293761,4653056,-2490369,rx
6904,6,735,47,3502900,2359296,-1310721,2818048,393216,1769472,-393217,4849664,327680,1703936,-1114113,-1048577,-262145,-1245185,786432,-393217,-2097153,-131073,2359296,1638400,-1441793,2097152,1507328,2031616,5046272,2490368,-5570561,2555904,-3670017,196608,2293760,-1179649,1048576,-917505,-1507329,-2818049,-1048577,-3276801,655360,-655361,-1048577,3604480,196608,3735552,851968,-1966081,-1835009,-655361,3407872,-589825,6029312,1441792,-786433,393216,-1769473,589824,-524289,-1835009,3801088,-917505,1376256,-3538945,2228224,1245184,589824,-3014657,655360,-4587521,-589825,-2097153,4784128,-1900545,4390912,65536,-458753,-1507329,786432,-1966081,327680,2359296,-7536640,4849920,-4260097,7078144,-8324865,2358527,5043455,3929087,-1180417,-1707777,5770496,1637119,-7532032,-1637888,-1112576,-1441792,326655,-3278337,-3409665,-3279105,1507071,3865087,-4521472,-5964545,1442560,-393473,-2752256,-4063232,-851968,393728,2228224,-2752256,4456447,-7733249,6291199,-7537153,262143,131071,-65537,4260352,-6291457,-1965568,-5177601,917504,-7602689,655103,-7078401,6225919,6160127,1901056,-5374209,7733760,-7995649,2293760,4849407,-4194817,4718335,-2753025,-5636353,4063231,-1704193,3932160,-5373953,-1835009,-3342336,6029311,7930112,-7929857,-2031616,2490368,2293760,-2359297,-4390913,-7798785,-3342337,-6815745,-5570561,4128768,7077887,-5636096,-5963777,-3407872,-5832705,-5308416,7929855,6815744,6291455,5242880,-3145729,4259840,1310720,-6750208,2949120,-3407872,-2555905,-6619136,-3276801,262144,-6684673,-2818049,-1114113,-2424833,-4325377,851968,-1966081,6488064,4653056,8257536,7798784,4259840,3670016,262144,-196609,1376256,-2752513,1638400,-524289,3997696,-327681,5308416,-3080193,4980736,-2752513,2424832,-655361,2883584,3670016,2031616,3801088,4587520,3538944,4194304,1179648,3801088,-262145,4718592,-65537,2686976,2621440,983040,2424832,1966080,5832704,6815744,3407872,2818048,5177344,-720897,5242880,1376256,1245184,-7798784,0,3670016,1179648,4194304,3080192,1703936,3866624,3866624,5505024,4587520,2359296,327680,3211264,-1376257,4390912,327680,1114112,3932160,327680,-1,-1310721,524288,-4915201,2359296,458752,rx
7937,7,738,51,4420404,1900544,-3604481,6094848,-6815745,3866624,-3080193,-458753,-1638401,-1245185,1835008,393216,2097152,-2293761,2883584,-131073,2293760,-2293761,-655361,-4128769,2883584,2031616,786432,4063232,-1310721,3801088,196608,3342336,0,-1,720896,-1769473,65536,1245184,-2359297,1703936,-2555905,1703936,-4456449,1179648,-4521985,1245184,1179648,262144,262144,983040,3342336,-2490369,-720897,2097152,1376256,-917505,5111808,-720897,1441792,-2949121,458752,-1114113,786432,-458753,851968,2686976,131072,-3538945,-1,-3276801,-393217,-1048577,4521984,3735552,3407872,4718592,-786433,393216,-3538945,-1179649,-196609,3473408,1703936,7602175,3866367,-460033,-3278337,-1575937,5831423,-7998209,-3144192,-1769473,332800,-5109248,8000000,-6748416,-1703168,-3212033,3407103,-4459009,-2621697,3078399,-195584,2162431,-4913664,3932416,-2620416,3670272,6029824,-5177344,8257536,196864,-3932417,5505024,-1901057,1572863,-2883841,-393729,-5242880,851967,-262144,-4653056,-7733505,-6356992,654847,-3866881,7798527,5504511,6356992,-1245441,4128768,-4784128,786175,-6225920,-4653825,1835007,-721409,-1966593,-2293761,-852481,5963776,1114111,5111807,983040,-327937,-5701632,2424832,-4587520,2556160,7077888,-5373952,-4259841,-1048577,1638399,2686976,-4718593,-8323072,1441792,2359296,6619136,-4194305,2031616,-7208961,1900544,7864319,1114112,7077887,5046272,4718591,-589825,-7733249,-1638401,-2293761,1048576,-5963777,6291456,7471103,4587520,5767167,262144,-7929857,-3342337,-4653057,-3145729,-2031617,1966080,-2949121,2818048,-1638401,6750208,-131073,8192000,-786433,4325376,-589825,1769472,524288,-196609,2359296,2031616,1179648,3342336,-3932161,1703936,-4259841,655360,-5570561,2752512,-4718593,1572864,-6422529,2949120,-4784129,-589825,-4456449,131072,-2555905,3735552,-65537,8192000,-4718593,2490368,-3473409,2621440,-3145729,5570560,-1048577,3932160,-1376257,-589825,-3997697,327680,-5832705,-458753,-1966081,-917505,-458753,1703936,-3866625,720896,-4325377,-1638401,-2424833,-3997697,-1441793,-3473409,-851969,-65537,2162688,4980736,-1310721,3080192,-4784129,3473408,-6356993,-458753,-5963777,1966080,-3407873,2555904,-5242881,rx
8969,8,736,27,3683123,-1114113,3801088,-3932161,1376256,-786433,-655361,589824,2621440,1441792,-1179649,65536,-786433,-786433,5898240,1179648,8060928,0,1245184,393216,4063232,1638400,-327681,-2490369,4456448,851968,655360,-393217,1245184,2031616,2490368,-655361,-2490369,1703936,589824,-458753,2490368,983040,1966080,1703936,4063232,196608,196608,-786433,0,2228224,-458753,2686976,-1,-393217,-3735553,-3407873,-1966081,-3145729,2097152,786432,2162688,-1,3735552,-2818049,4259840,-5963777,393216,-2359297,131072,-1769473,589824,1310720,1835008,-2162689,3342336,-2752513,1179648,-1966081,-4849665,2490368,-1310721,851968,6488064,-6488064,3342336,5899008,-5177857,-1833984,-7669505,-3408129,-2296065,-1903617,65023,1307135,-522752,-6358529,8325120,3473920,3145984,1180160,-1181185,6356479,3471871,7207935,5504511,-8061697,-6684672,-7602433,-3014400,-262145,-5504768,1442048,-1310720,-4325120,2162688,4063488,327679,-5505025,4062975,-3014913,8191743,3604480,-4980737,66048,-3670016,786944,-4521985,2883584,7864063,8060927,-3604737,-5767168,-983041,-4128512,4980736,-6029056,6291455,1572864,7929599,-7667713,5046015,1114112,-2752769,393472,2162687,-7667712,-3866625,-7929857,5111808,7667711,-7471104,-65537,1310720,458752,-3342337,7602175,-3932161,-5898241,-4128769,1376256,-589825,-327680,3473408,-1900544,1900544,-6356992,-2097153,-6488064,-6291457,-6029312,-3670017,6684672,327680,8323072,1966080,6422528,1703936,7929856,4325376,7536640,-851969,2162688,-2359297,0,-7929857,-1376257,-2490369,-589825,3080192,458752,7602176,917504,4653056,3342336,196608,2359296,-589825,327680,1835008,-1900545,-3145729,983040,-4849665,3014656,-3670017,3997696,-196609,1441792,2686976,524288,1638400,1310720,3538944,2621440,3014656,3014656,-1245185,3801088,-2097153,2686976,-2949121,4718592,1114112,3342336,4390912,4521984,6815744,589824,131072,2949120,-3211265,4653056,-1245185,1310720,-393217,4521984,3014656,2031616,7012352,3604480,2031616,-1572865,655360,-1245185,0,2883584,-458753,-1769473,1572864,-524289,3080192,4587520,1441792,3801088,1966080,1835008,-458753,1114112,4784128,-524289,131072,rx
10002,9,739,50,3211265,-3080193,-65537,-983041,-524289,-1638401,720896,-2424833,-393217,-2293761,2162688,-3473409,1507328,-2359297,0,-2031617,-3670017,-65537,-851969,-4587521,2490368,-2228225,917504,458752,-2162689,2490368,2686976,983040,4063232,458752,1966080,-131073,2752512,-983041,1769472,-1245185,-1245185,458752,-917505,-655361,327680,1638400,1703936,3997696,-2097153,2752512,-131073,3670016,1310720,2097152,2490368,2293760,196608,3080192,-1048577,196608,1114112,-1638401,-851969,1638400,-2818049,1376256,-3735553,589824,-4128769,-1,-2949121,-3276801,-1048577,-3276801,5111808,196608,2293760,-851969,1245184,-2555905,131072,5111808,917504,3080192,-1441793,-2753281,2555904,-1247489,-7994624,-2557953,4983296,-3209728,-7140352,-1502208,-5831424,-3665664,-2163713,-8060672,-7406593,-4523521,-7667200,1244671,-1243136,5899008,-2685184,-6552320,131840,-2948352,65536,5374208,-1900801,-3670017,6749951,-6947073,5504767,-5702145,5177343,-7536897,-3014400,-851969,-1572352,-7667713,1442048,-393729,-5964033,7339519,-5832961,4521727,-786432,-655361,-1113856,-5177345,-7864320,7274239,-3277057,-6685185,4390911,-4129025,-65536,-327681,3211776,8257535,-5177088,-5570817,6094848,-1442049,-5832705,-6422528,-3276801,6750464,917504,-6553600,983040,1703936,3932160,4784128,-6815744,7405568,5701632,-4456449,131072,2818047,-5963777,-655617,-7733249,6160383,-7929857,-7143425,-1900545,-2949121,-1245185,393216,-3538945,720896,7143423,-1703937,3211263,-6225921,4915199,-7602177,7471103,-5701633,-4849665,-3211265,-262145,-4587521,-786433,0,-3407873,1114112,-5505025,917504,-5963777,4128768,-5832705,3604480,-3801089,1114112,-2359297,-1114113,-2686977,-5767169,-3342337,-3342337,-3670017,-4063233,-3145729,-3735553,-7471105,-720897,-7208961,5439488,65536,3801088,3211264,6881280,-589825,1572864,-4456449,983040,-6553601,-3014657,-1966081,-1703937,-4718593,1835008,-3276801,2818048,-1835009,2228224,-1376257,1900544,-1638401,1507328,-720897,1507328,2883584,2818048,131072,1507328,-2293761,-655361,-1507329,-5046273,-2031617,262144,-4194305,1048576,-1114113,131072,-3538945,3276800,-5898241,2031616,-5308417,1376256,-6422529,-1,-6029313,1572864,-4390913,rx
11034,10,739,49,3457024,1179648,2162688,2031616,1245184,3932160,1114112,2686976,-2359297,131072,-1835009,-3276801,196608,-983041,851968,-983041,196608,655360,262144,1179648,-2228225,-1376257,393216,-1310721,-1179649,-131073,-1,851968,-4259841,-262145,-3604481,1703936,2883584,1310720,2621440,2097152,5111808,-1245185,3604480,-2293761,3407872,-3407873,983040,-1572865,-983041,131072,-720897,-3276801,1245184,-2424833,1900544,-1835009,-1638401,-6750209,-720897,-3407873,3211264,-1310721,3014656,-5505025,3604480,-458753,4259840,-65537,-2752513,1769472,-5439489,-4128769,-3276801,-4849665,917504,-3211265,2490368,2752512,5570560,3014656,1441792,-2293761,6881280,4784384,-4915200,-2226688,6815743,5245696,-3212801,-3800576,6288383,5829119,4650239,4516607,-5046785,8189439,-5045248,-3013888,3539200,-5306880,-3999233,-3866624,63487,-8324097,5700351,-1049857,-7930113,-262913,7077888,2162687,196864,-4915200,-3866368,-786176,7864576,512,-7929857,-3538944,8257023,917504,-4063745,-5767168,-3014656,3277312,-196352,4784640,-7602176,2621696,2424575,3014656,-3604737,1900800,-6422528,4784640,-7470848,5636608,655360,2359552,5046015,-6488064,3538687,-196608,5046271,2949376,2752512,131072,5439488,-2097409,3997696,2359295,2162688,-2490369,-917505,5570560,-7471105,-3342337,-2752513,851968,-524289,-6225920,1507328,-262144,3735552,-1638400,2686976,-2424832,5242880,7929856,1507328,1966080,-1572865,-3735553,1900544,-327681,7340032,3080192,-3670016,5242880,-2883584,3670016,7012352,589824,-4915201,917504,-5832705,-720897,-1048577,-1441793,7405568,-2293761,-6553600,-3866625,5963776,-1310721,3211264,4980736,3276800,1900544,-655361,-1114113,262144,-65537,393216,524288,4259840,196608,7733248,-786433,3801088,131072,327680,0,-1376257,65536,720896,-196609,4784128,655360,3604480,786432,7536640,2031616,-7864320,-3211265,6488064,-1507329,4325376,-4259841,-2949121,-262145,-2555905,-983041,655360,-327681,655360,-1900545,6356992,-3604481,3211264,-917505,2097152,1703936,2883584,1769472,2162688,851968,655360,393216,1048576,1114112,1441792,327680,1048576,3801088,2621440,524288,2818048,-4849665,1900544,-6488065,4456448,rx
12067,11,735,53,3922330,-1048577,-3407873,786432,-5177345,-2490369,1179648,-1769473,2228224,-2424833,-65537,-65537,1114112,65536,1114112,524288,-2359297,0,-2424833,4915200,-131073,2424832,1703936,-917505,-327681,2097152,458752,1835008,3276800,-65537,5636096,-4063233,3866624,-2883585,4653056,-786433,2752512,196608,3670016,-196609,3342336,1703936,-3407873,3080192,-2031617,-589825,2162688,-2097153,983040,196608,-262145,2490368,2097152,4128768,4980736,1703936,5963776,983040,1507328,-4653057,-2228225,-851969,0,-3342337,2686976,2031616,2818048,2228224,3604480,3932160,-917505,2424832,-5177345,-1,-3801089,262144,-2752513,-720897,-720897,-458753,131072,-2884097,-7995393,4782079,4653056,-7801857,2622976,7667455,7736576,-8253440,-3535872,1512704,-2620928,1050368,-394241,4651775,-8126465,-3737345,3606272,3080191,2689280,1836032,-5307136,4523008,6488320,5636608,-7536641,7733248,-1376513,1114111,3342079,720639,-5177601,-1769985,-983040,786431,-4914688,-7929857,-4587264,-1245441,-7930113,-3080705,5897727,720639,-6291457,3538943,512,-4194305,2425088,-5374209,-1900801,8257023,3931903,7339519,851968,-6488321,-2686720,-1376513,-4390656,-7930113,1572864,983039,4915199,7143424,-4456449,4522240,-3866625,524544,-5373953,-2162689,327680,-5177345,8192000,1048576,-5898240,720896,262144,-7012353,-4849665,4653055,6160383,3211263,3801087,6946815,-5898241,-7208961,-917505,-2424833,-589825,-983041,-8060929,917504,4128767,1572864,2031615,-4587521,7733247,-7012353,2031616,-5177345,5373952,-6291457,5636096,-3473409,4325376,-2424833,-2228225,3080192,-6815745,5767168,-2424833,3014656,2031616,-4915201,262144,-2162689,-2555905,1703936,2949120,4063232,-2097153,1572864,-5832705,1900544,-5898241,4980736,-4456449,8323072,-1376257,3866624,65536,1507328,655360,-1572865,2359296,-1900545,-2359297,1966080,-5570561,1376256,-7929857,3080192,-2621441,5308416,1114112,-262145,-720897,-3080193,-1048577,-1114113,-5177345,-2686977,-6029313,327680,-1441793,3801088,-2293761,2686976,589824,1507328,-327681,2555904,-1179649,2162688,-5505025,4521984,-4325377,1572864,-4063233,-2621441,-4587521,-655361,-3080193,-4784129,-3145729,196608,589824,rx
13099,12,738,49,5973607,6619136,5505024,5242880,3342336,5636096,-2883585,2228224,-2555905,4653056,-131073,5242880,-786433,4390912,-6225921,1310720,-5308417,-655361,-786433,524288,0,1572864,917504,2293760,1441792,1179648,5439488,2752512,5177344,5701632,262144,3276800,-1769473,2686976,-5898241,4325376,-262145,-786433,2359296,1114112,6225920,3735552,7077888,2228224,1572864,393216,-393217,3670016,-4259841,-1,-1507329,-2621441,0,-4521985,786432,-3801089,1114112,589824,7208960,-917505,5373952,-2359297,2621440,1179648,1769472,-65537,786432,-1638401,-3342337,-1638401,1835008,-327681,5308416,2293760,4849664,65536,262144,-1703937,786432,3145728,-589825,-4193792,720639,4850944,-8128513,-6291457,-3738881,3273471,8255999,-136193,-2619648,-723713,-2487040,-3866368,-3472384,2097920,7928575,-4915969,63487,-4916993,3472383,5634815,4915200,-4588033,4391424,-1769473,-4128512,1966336,1442048,-982784,-5636096,-3669760,1638399,327680,-524801,4521727,-2621953,-6094849,2621439,6685184,3145728,-720384,6684671,-8388608,786175,-3670273,5111551,-131073,5373951,7406080,-3080193,-2686464,-3604737,-3080192,-1966593,-983297,-2818561,7995391,5635839,-3080192,-2228481,-851968,-6291457,-1835009,5832704,-6619137,-4849664,3538944,6422528,196608,-5242881,8323071,6225919,-4128769,-983041,7471104,3145728,-2490368,-1835009,1442048,-6422529,852224,-5177345,-5636096,786432,3211264,393216,3014656,327680,4587520,4587520,-6029312,-5505024,-4915200,8323072,8257536,1441792,3407872,-4849665,-1310721,-6946817,-2555905,-3538945,2621440,4063232,1900544,7340032,4456448,7536640,1638400,5177344,458752,4849664,1572864,1048576,-327681,-786433,-3473409,4194304,2490368,3538944,4980736,4915200,2686976,2883584,262144,1441792,-1703937,1310720,-3080193,3407872,3407872,1900544,6750208,-1441793,5767168,-524289,196608,5111808,5046272,2555904,3801088,3604480,1310720,917504,2162688,3473408,2293760,3407872,3080192,3014656,6356992,3342336,-8323072,-589825,4128768,3342336,-2162689,393216,1835008,1703936,4521984,3604480,3538944,3670016,-2424833,4063232,-1179649,2621440,-2621441,-131073,196608,-3670017,2818048,-3538945,5308416,-4325377,rx
14132,13,738,26,4879156,-393217,-4521985,3670016,-2621441,-917505,-3080193,-720897,-3670017,2555904,-2686977,2883584,1703936,196608,-2293761,-2359297,-4063233,-1703937,-3276801,-196609,-6160385,-3604481,-1179649,-2031617,3604480,-655361,1376256,-3997697,-1048577,-3932161,-1572865,-1310721,-1507329,-1245185,-1179649,-7864321,458752,-4194305,-1114113,-5046273,-983041,-786433,-4259841,-1310721,262144,524288,-1769473,-327681,2097152,2818048,851968,786432,1769472,1900544,2228224,-327681,-655361,720896,-1835009,65536,4980736,-2359297,-327681,-1638401,1769472,-4915201,-1179649,-262145,2490368,655360,4980736,393216,2555904,655360,2555904,-262145,-2097153,1769472,-2359297,3604480,-1507329,2424832,-7471361,-8061441,-7734529,3602687,-8324609,1570559,-2227968,6028287,1576192,-4455680,2493952,328960,4588544,-2883841,6814975,7666175,-590593,7272959,2687232,7142911,7996160,5111808,-4324864,-196608,-7470848,2031872,4784128,1310976,4718591,8323072,7536383,-590081,-983297,-3015169,1245184,-5505281,4259840,-5242880,2359295,2949376,1310463,-7798785,-7471361,2096895,-1966081,1835007,-2621441,-2293760,-4653313,-5373952,261887,-1376513,6422271,3800831,6815743,6618879,-6291457,2621439,720895,2490368,-1179905,-4521984,-131073,-7471104,-1769472,5701632,-7995392,-2162689,-851969,-6750209,-2031617,-4456449,1572864,131072,-4980737,7012352,5373951,6160384,1245183,5308416,1638399,4325376,-7602177,4587520,-131073,4718592,2424832,6881280,1835008,-7536640,-720897,5177344,-6225921,5898240,-6488065,-655361,-1638401,-3407873,-2359297,-3211265,1310720,-1376257,-2818049,6422528,-2031617,6094848,-1507329,2621440,-1245185,0,-3080193,-983041,-1048577,-327681,-2031617,1310720,2818048,1572864,3604480,3145728,-1572865,5439488,-3145729,851968,-2162689,5570560,2686976,983040,3538944,0,3211264,786432,3604480,2293760,-1703937,1507328,2162688,3801088,-524289,3211264,65536,1048576,-983041,1179648,1441792,-851969,917504,-5832705,-2097153,-1703937,-1376257,720896,196608,6488064,-2293761,2686976,589824,-1441793,4063232,786432,2424832,-720897,1310720,1114112,3473408,786432,4063232,2949120,1966080,-65537,917504,131072,-1638401,1638400,1966080,rx
15164,14,737,52,3588097,-851969,-1114113,-655361,0,1703936,1245184,-1,-2228225,2228224,-2097153,-2031617,-3145729,2490368,-4128769,983040,-65537,1507328,-524289,-3670017,-1966081,131072,-655361,4456448,-1376257,5242880,524288,5767168,-65537,3735552,-1572865,-1114113,-1835009,-1572865,1310720,-1179649,-1441793,1048576,-1572865,1769472,-2752513,-983041,-458753,1114112,-2949121,1835008,-983041,1114112,-1179649,-6553601,589824,-1703937,-1,-1048577,-2490369,1835008,-983041,4521984,3145728,2424832,1376256,3604480,1507328,65536,-1507329,4128768,131072,1114112,7143424,2686976,2228224,5505024,-196609,-1835009,720896,-1507329,2883584,2228224,1966080,6750207,-6357505,3078911,-2885377,-7015681,3668735,-6360065,-7993344,-6422529,-584704,6097408,2625792,-1833472,459264,5307647,4914175,-4459009,1310719,6224127,-6552576,8388351,-195328,7340288,-1703168,-7536384,6947072,4980992,917504,2883840,6553343,-720897,-2097665,524031,786431,3931647,-4915200,-7078145,4587520,-2949120,2621183,-7995392,2751999,6422271,-5701889,-5636609,7995392,2621439,393216,-6291456,2096895,720896,3538431,5766911,-7274753,-7799297,1835008,1703679,-262145,4325375,2424831,-786433,262143,6225920,655360,-7340032,-3342336,-7208960,-6422528,-458753,4718592,6684671,2555904,-7143425,4194304,-4456449,-6291457,524288,6094847,1114112,-2097409,-851969,655359,-6094849,8126463,-1048577,-7864321,3997696,-1638401,5111808,327680,5111808,-1507329,7143424,-6488065,7536640,-6356993,1441792,-1703937,-7012353,720896,-7929857,327680,-3997697,1900544,4653056,-1900545,7995392,1376256,6225920,-65537,5177344,851968,2752512,851968,-4194305,-720897,917504,-2621441,524288,-3407873,589824,-4521985,3276800,-720897,1245184,2949120,4194304,196608,-196609,-262145,-1179649,-983041,-1,-1376257,2949120,-2424833,2555904,-2097153,3342336,-2293761,2883584,327680,2359296,1835008,851968,1114112,2359296,-196609,2293760,-983041,-1179649,-1900545,262144,65536,3145728,589824,3538944,-327681,3145728,1441792,2490368,1310720,3735552,1703936,2031616,2686976,1572864,-1,2359296,-2621441,1900544,-196609,-327681,1114112,-1310721,983040,2752512,2293760,rx
16196,15,742,91,3791258,1900544,4390912,524288,3014656,-4194305,-2490369,2031616,-1900545,4718592,-65537,5963776,1245184,2818048,-983041,-1,131072,2031616,-458753,5308416,4194304,983040,-1376257,786432,-3276801,-393217,3014656,-2818049,3473408,131072,917504,-2359297,1835008,-1,1769472,-262145,65536,-589825,-196609,-1441793,-1769473,-983041,-458753,-917505,-1638401,-458753,262144,-917505,-2490369,-327681,1769472,3932160,-1048577,6619136,-2162689,2818048,-4390913,0,-3670017,6029312,-6225921,-1507329,-524289,1048576,1179648,5832704,1376256,2752512,1703936,-1835009,-1179649,-3407873,-1048577,-196609,1507328,-917505,524288,2490368,-2293761,-5767425,6160384,7076095,5113088,5371391,-7598336,2491648,4461056,5576704,-4717312,-4384768,-1116673,-1177344,-3279873,5503999,3407872,7863551,2886400,-5634816,2427904,-5568512,-1637376,-6748928,4587519,-917248,1507071,-524289,-3014913,5308159,-1966337,7470591,-5832705,4128511,-1310464,852224,-8387840,-7536384,-4193792,4980479,1048576,-3277569,1376255,4456191,5963776,3604480,-6225408,-2228224,4129024,2162431,-1179649,-6292481,7929855,-2556673,5439744,-3014657,6881792,3342336,2032128,-7405569,3473664,524031,7798784,-4587521,-5832705,1900800,1441791,-983040,4063231,5832704,3604480,3670016,-3735552,7733248,-8257536,-1179649,4325376,-1245441,4718592,-3932417,851968,-4718849,3932160,-3080449,-720897,-7012353,2490368,-4390913,-983041,-851969,-5570561,-2031617,8388607,7208959,4718591,4784127,-4390913,-7602177,-3604481,1769472,4718592,3014656,-6553600,0,2818048,-786433,-1507329,-1310721,-7536641,3342336,6160383,-196609,-3801089,-786433,-4390913,-786433,327680,65536,-1638401,2293760,-5373953,-2752513,-4063233,-2097153,-3473409,-393217,-5111809,983040,-4325377,5963776,-2293761,4259840,-2097153,1441792,-6225921,2228224,-3276801,-4718593,-2818049,-3473409,-4194305,-3538945,-6160385,-720897,-5308417,-3080193,-3473409,-4653057,65536,524288,-2228225,3145728,-3866625,-5636097,-3014657,-4063233,-851969,-5636097,-1703937,393216,-2883585,4718592,-5570561,131072,-1769473,-5046273,-5898241,-3670017,-3604481,2686976,-3538945,1572864,-1048577,-2162689,1572864,-1769473,-1310721,-589825,-1638401,rx
17229,16,738,24,3883008,65536,3080192,2031616,65536,327680,-2621441,2949120,3735552,196608,7471104,1441792,3342336,786432,-4325377,4587520,-2621441,2555904,2818048,327680,3407872,-2424833,1179648,-1572865,589824,-589825,-2818049,196608,131072,1835008,-1310721,3342336,4980736,1114112,-131073,2031616,-65537,1703936,-917505,-655361,1310720,-2162689,3670016,-3276801,3866624,-2162689,3145728,-5046273,-262145,-3342337,2097152,-2031617,-458753,-262145,-262145,-65537,3735552,-458753,3670016,-2359297,1966080,-1507329,-1441793,-1507329,-1572865,-851969,-589825,1376256,2097152,524288,262144,1966080,1900544,1835008,983040,-2949121,327680,7798784,1310720,-3145729,7012351,720127,4259583,-198913,-262401,-5113857,3736832,2556416,-587008,-3470592,-5502464,-4323072,5767680,-3211265,-2359809,7076351,-4653056,-787713,-5831680,-3014657,-588800,3736064,-4128256,-2359040,983296,-1900544,-262145,-1114113,-1638657,6815743,6749951,-5701889,3276799,5504767,1835264,-196865,-4259584,8191999,-1572865,-6422529,-2294273,-655617,-7209217,-6357249,-4194304,6291455,-2555904,-2293761,5439487,6291455,-1769985,-8126721,-4718849,1965823,5373952,-2097409,-1114112,5701631,2752512,-4849665,3342335,1966080,6684671,-5832704,1245184,-3866624,5439488,2424832,2031616,-3407873,3342336,-5636097,4653056,-65537,3866624,-6225921,-4390913,-7602177,-5373953,8126463,-7602177,7667711,-7471105,-2752513,-6029313,983040,-3735553,4980736,-3211265,2031616,-1245185,3211264,-5832705,3932160,-1835009,1835008,1114112,196608,5832704,-1114113,7340032,-3604481,-2293761,-1703937,-5570561,7208960,-786433,6422528,-2686977,2293760,720896,-786433,3473408,-65537,2555904,-2490369,-4063233,-1310721,-3342337,-5767169,-1835009,-2949121,-1245185,-4063233,-3473409,1507328,-1114113,5308416,3604480,4653056,1966080,-4456449,5505024,-458753,4849664,-2228225,-2555905,-983041,-1048577,-1,-3211265,-2031617,-589825,-4521985,-2293761,-524289,-3407873,3997696,-851969,655360,-1245185,-4128769,458752,-1441793,-3997697,4456448,-7274497,4128768,8060927,-524289,-4194305,917504,3801088,2490368,196608,1245184,-3276801,-655361,720896,655360,3211264,4390912,131072,3407872,-3145729,-1703937,-2424833,rx
18261,17,739,26,5065933,2359296,-1572865,-786433,-3014657,1900544,2883584,2359296,2490368,3276800,1114112,3276800,-1114113,2752512,3538944,3276800,4390912,3014656,2883584,-3932161,1966080,-3407873,0,-1638401,3604480,-1900545,3407872,786432,1376256,-2293761,-983041,-1507329,-2621441,2752512,-6094849,5832704,-3145729,4521984,-2359297,327680,851968,2424832,786432,1507328,3735552,786432,-524289,2818048,1703936,3080192,-983041,-720897,-1,-2162689,1114112,-327681,1507328,3866624,5767168,196608,1114112,-1703937,655360,2293760,3801088,-1,327680,-1966081,-2883585,-1507329,262144,-1507329,3080192,-2293761,3014656,-2359297,-1048577,-3080193,-1376257,1441792,983040,-1703424,-4653056,-63744,-1704193,-850176,-6227457,-5243393,4978175,1962751,-2230273,-462081,-7667713,5111551,-3538432,7603456,-5308673,-1637632,1309439,2818047,3144447,2031103,4455935,5701119,-7208961,-2621697,5701632,-4128769,-3932160,7733248,2949376,3473664,-4521984,-6881024,262143,-5439488,1769215,7274496,7405567,-720896,5767424,-3604224,-6618880,3866880,-7143425,2359296,5242623,4718592,-2293761,5767424,-6094592,-4914944,6619392,-7929600,-6356993,1507584,-7471361,-4587520,3342335,2490624,2818048,6291456,3866624,6488063,196608,524287,1179648,8060927,-262145,-131073,-2162689,1310720,-3801089,-917505,-4259841,4718592,1900544,-8323072,1900544,-2555904,2686976,-8257536,4259840,3407872,3670016,2424832,2162688,2949120,1114112,65536,1048576,327680,3407872,-1376257,6422528,2818048,1572864,2686976,-1441793,4915200,-4980737,3145728,-5373953,1507328,-1835009,-917505,5111808,-3538945,5963776,-1310721,2490368,720896,327680,5242880,327680,-3080193,-2686977,-3211265,458752,-1441793,2162688,1441792,2490368,-1114113,3670016,-2359297,5439488,-4063233,1376256,-2621441,1572864,-1,-1245185,2686976,1376256,262144,3997696,-1507329,2752512,-6291457,851968,-6815745,3735552,-2752513,983040,-2949121,589824,-4259841,524288,-1703937,1900544,-1,3211264,2162688,2883584,1179648,3014656,327680,2162688,0,1900544,1310720,1310720,-131073,-655361,-2162689,2686976,-262145,1245184,-1638401,917504,327680,2359296,-1703937,1114112,-1,3211264,rx
19294,18,737,46,3185050,-262145,-524289,1638400,-65537,-1507329,-3080193,-1966081,1376256,-524289,3670016,-2686977,4063232,851968,0,1048576,1638400,2162688,393216,0,-851969,-2162689,-524289,-2883585,-327681,-1376257,2752512,-1769473,1703936,-2949121,3145728,-1507329,1638400,2162688,131072,1310720,-1835009,-327681,3080192,2031616,-1769473,1966080,-393217,1245184,-1900545,6029312,2359296,393216,458752,-1966081,5701632,-1179649,3670016,-2555905,3473408,-2097153,589824,-2162689,1966080,-2752513,2031616,-655361,-655361,-65537,1966080,2228224,262144,-4980737,-1376257,-458753,851968,-2293761,-1441793,65536,-1310721,-3473409,393216,-2818049,-3211265,-8060929,-1376257,-3866881,-4390400,7077888,-2946816,-3209472,-7730432,5443328,7798783,-848896,-1183745,-2621184,-2691329,916735,7798015,-4915200,8193536,-2357504,4195840,7866368,6225920,2425856,-7209729,-5701632,-7340801,7471103,5439231,3014655,-2949121,-7340289,-1179648,-65793,-4587264,5767424,-3669760,-1310208,131328,131328,-2752512,-3670529,5505280,-4129281,-3211008,-7929856,-5242624,1311232,131328,5767168,-6422528,-524801,2752768,-8126721,-130816,-3145728,-2817792,3277312,2818304,4325632,3014912,-6881281,4718848,3932159,-6422528,-5308417,4980735,786432,-2228481,3276800,7405567,-6488064,4194304,-2883584,1835008,-6553600,393216,-5373953,6094848,-5767169,-3538944,7012351,-2228224,-4325377,-4194304,-2949121,-7405568,-3407873,6291456,-5570561,2228224,-5177345,-851969,-7536641,983040,3997695,327680,5701631,3735552,-5308417,4653056,5832704,6094848,1703936,3014656,131072,-4653057,-3866625,-4587521,-5963777,-5373953,-983041,-5570561,-2293761,-2097153,-1245185,0,-2686977,2555904,-1310721,-1769473,-2228225,-786433,-5242881,720896,-6946817,-720897,-1966081,-196609,-1,-2621441,-3801089,-4784129,-3866625,-1114113,-2686977,917504,-2424833,-2555905,-2621441,-6356993,-3866625,-3145729,-3670017,-5505025,-3145729,-1441793,327680,-131073,3145728,-3211265,-1900545,786432,-1441793,-1,-2949121,-786433,-4784129,-65537,-3538945,-3407873,-2949121,-4259841,-4194305,-3342337,-1,-3276801,-1376257,-393217,-327681,786432,-131073,-131073,786432,3080192,-655361,-1245185,-6291457,-3801089,rx
20326,19,740,47,3411150,-3014657,1507328,-2097153,-589825,1179648,524288,1900544,-1638401,2031616,-3801089,131072,786432,-3014657,-262145,-2228225,-1179649,-2228225,-4390913,-1310721,1376256,-1441793,-524289,2883584,-2621441,-1048577,-1769473,2490368,-2228225,-1703937,-1703937,-3211265,1114112,-1441793,458752,1310720,720896,-458753,2228224,-2424833,1245184,589824,458752,1572864,-4063233,-589825,-1638401,-1114113,-2293761,-4521985,1114112,-3407873,-3801089,131072,-6094849,1376256,-5898241,-917505,-4063233,3145728,-2949121,-327681,983040,327680,458752,-1638401,-2162689,4980736,-2621441,2490368,-1507329,1245184,524288,-786433,-1835009,-327681,-1441793,1507328,-2686977,-3604481,-589825,-1442561,66048,2750975,2689024,1179391,7408896,-6747136,854272,-3664896,-525313,-8385536,-1641217,-7012609,-1508353,-1573889,7734528,-2752256,3737856,2360832,4654336,4064512,7864320,-6946304,-5308673,6881280,-4980993,7667711,-2228481,7798527,3997695,3079935,-8192000,-786433,4194816,2294016,-5111296,-720897,5898496,3669503,6946815,3931647,2359296,-7405569,-7012096,3408128,-1376000,-2686977,-6422528,-4981249,-4456449,720383,-5963776,-1704193,-1507072,-7012352,3146240,5046272,-8322816,524287,-4456448,3866623,-2621441,6750208,2424831,-3801088,1245183,2424832,-2162689,851968,6619136,4980736,-7798784,5570560,6160384,-5505025,1703936,4784127,851968,2424831,1048576,3276799,196608,7667711,589824,-4915201,2490368,-1900545,-1048577,-4784129,-7471105,-5242881,-5570561,-7602177,-7143425,5242879,-4718593,-6815745,4259840,-4063233,6684672,-3145729,6619136,-2424833,-4653057,-3538945,-7208961,-1114113,6553599,-655361,-6553601,4521984,-4521985,196608,-983041,-2555905,589824,-3538945,-3801089,-4128769,-4784129,-3080193,-3014657,-2097153,-2424833,-589825,-393217,4718592,-2424833,2228224,-4980737,786432,-1835009,-917505,2686976,-3604481,393216,-4063233,-5111809,-983041,-4194305,-983041,-3145729,-196609,-6422529,-1376257,-3866625,-393217,-393217,-2031617,-786433,1507328,917504,-917505,-196609,-1835009,-1114113,-3080193,458752,-851969,-2752513,-3604481,-4259841,-2097153,-3211265,1572864,-3604481,1441792,-3801089,-2424833,-4063233,-917505,-655361,-196609,2293760,5701632,983040,rx
21359,20,741,50,4292608,2359296,-3538945,-1,1376256,2162688,1638400,2490368,-65537,1245184,-1769473,2949120,-2031617,-4980737,-2162689,-4259841,1310720,-3473409,-393217,-1245185,4063232,-1507329,2097152,-3735553,1703936,262144,2949120,-393217,-1769473,2752512,327680,1900544,1769472,2490368,2949120,1048576,6094848,1048576,3932160,-2752513,-851969,-1245185,2162688,3473408,327680,1900544,1507328,-1966081,2359296,393216,4390912,-65537,5111808,-2883585,2293760,-2555905,4456448,786432,0,196608,393216,1179648,-589825,1179648,-327681,1376256,-720897,-196609,-327681,-3014657,-589825,-589825,3276800,-2162689,1507328,1376256,524288,524288,2490368,-8126464,196608,-5766144,5832447,4786432,7207167,4981504,7598847,-1379585,2553343,-1906177,-5046272,-6294785,2754560,-4849408,459520,3343616,4455167,-7798785,6354687,719871,64255,-591105,-1769729,-328449,983296,3276799,2031872,-8388608,3473664,-5177088,-524288,-2031360,-7471105,-5898240,-4456961,-6291457,5373439,-7208960,8060927,-7929344,2556160,-7142912,3342336,-3145728,5177087,-5636097,3473151,-2555904,2162688,-2686464,5177600,-1965568,-3014657,3866880,3997439,-393217,-6619649,-8388608,8191743,917760,-7077889,6225920,6750208,1507327,-3670016,-655617,-5111808,-7798785,6291456,0,-3211265,-4521985,-8257537,-4325377,-917505,-7143424,2293760,1245440,1769472,1900800,2686976,524544,3211264,-4915200,1638400,7208960,589824,2555904,3014656,-393217,-7602176,5570560,-2752512,4390912,-4784128,8257536,7667712,3932160,-262145,-917505,-5242881,2359296,-3276801,1703936,1507328,196608,6815744,2162688,4390912,1048576,2359296,3866624,-1114113,262144,-2949121,-2162689,-524289,-1114113,1638400,2293760,2424832,1703936,5439488,1835008,2949120,-1572865,6356992,-3932161,3080192,-2424833,3604480,-2293761,458752,1441792,655360,-327681,3276800,-1441793,5111808,-2228225,7471104,-4915201,2818048,-589825,2031616,-3407873,720896,-1507329,-327681,-2555905,2621440,-1310721,3670016,-1114113,2424832,1245184,3276800,720896,3211264,-983041,4325376,-3735553,3604480,2097152,5373952,2949120,6094848,-983041,4915200,-720897,4456448,458752,1703936,2490368,1310720,-1441793,2162688,rx
22391,21,740,50,3699508,-4259841,0,-3080193,-3014657,1835008,-917505,3342336,-1835009,-2097153,131072,-458753,-3145729,-851969,-4194305,1703936,-917505,262144,-393217,1966080,2097152,524288,-1769473,1048576,1376256,-851969,1703936,-2686977,1900544,-3080193,-3276801,-1507329,-3538945,3276800,-524289,1310720,589824,1048576,-2097153,4259840,-1114113,1835008,1048576,1966080,720896,131072,-196609,2359296,-1703937,1900544,-1572865,2686976,-589825,2162688,-1,2818048,917504,196608,2686976,-1966081,2883584,327680,2031616,3473408,-458753,-1,1507328,-1966081,-1114113,-1441793,-851969,-589825,-2752513,-2621441,-2424833,-655361,-196609,-2424833,262144,-3342337,1048576,393728,-1310720,8325120,-4194048,-2814720,-769,-4651776,6681599,-7211777,-3215361,6090239,4323583,129279,983552,-6814720,-4783872,460800,3603455,-4390400,7731199,-3080705,-3933697,-7865089,8322559,-4194817,-8192001,4784127,-8060928,8323072,8323328,6684928,-8060672,-1507072,7536639,5046528,8060415,6750208,-3670273,5111808,-3604224,6357248,-3145216,-3473152,-4456448,-5177088,6422271,-655360,3670015,-2359296,-327424,-5373696,-6422016,3342848,-5636096,-6225664,7274239,2031872,6684415,-1703936,-6684673,6619136,-6422528,5963775,3080192,-1507585,-3538945,4653055,2097152,1114112,-3014657,4915200,5373951,1572864,4390911,-196609,-983041,5701632,-7208960,-5832704,-3342336,-5111808,-1507328,-6684672,-3801088,6029312,5832704,2162688,-262145,-655361,1048576,-1703937,4259840,-2490369,5111808,-1114113,-5963776,3211264,4718592,5570560,3538944,6029312,1507328,1638400,1376256,-7274497,6225920,-7340033,7536640,-7929857,589824,-1638401,-3932161,-65537,-917505,196608,2359296,-589825,1376256,-1900545,4259840,-2752513,1376256,-1638401,3801088,-2097153,5046272,-2555905,1507328,-1048577,-393217,131072,-1114113,3407872,-65537,5701632,3080192,-4390913,7077888,-6881281,7077888,-5701633,4849664,-3604481,1048576,-3342337,589824,-1245185,1572864,-1835009,4980736,-1769473,5242880,-1638401,2752512,-1310721,1769472,-2293761,2752512,-589825,6356992,-458753,4063232,-3407873,1114112,-1900545,-851969,-2818049,-1835009,327680,-524289,-1703937,1310720,2752512,-1572865,2228224,917504,rx
23424,22,739,50,4587521,1114112,720896,4390912,262144,-65537,-2555905,2097152,-4390913,2555904,-1572865,1507328,2293760,-2686977,2031616,2097152,-1966081,-1114113,1376256,-6356993,3145728,-5570561,3932160,-2359297,2424832,3538944,-2949121,2555904,-4259841,-327681,786432,-65537,917504,-1572865,-1179649,-1703937,-2949121,327680,-3932161,1638400,-4456449,0,1114112,-1900545,2883584,458752,-1310721,983040,-131073,-3014657,-262145,-2686977,-2424833,262144,-1900545,2031616,1441792,2424832,2883584,-2818049,589824,-1310721,196608,-1376257,2424832,2686976,458752,3014656,1376256,1441792,2228224,-2621441,-65537,-4259841,983040,524288,655360,-3080193,3932160,-7536640,6225920,-1965056,-6225921,7670272,-1049857,7407104,-3214337,3143423,-7081217,-3347713,-6030337,-5705217,-4848640,-4521984,4457216,1508864,-3933185,2425344,-6490369,-2687745,-1836801,-5833729,-6095361,4521471,5505024,4521983,256,-8126464,3539200,6226176,-7798528,-7274240,2293760,-7077888,4325119,-7536641,-2032129,1703936,1179648,-5832448,1638912,3867136,3997952,6881536,-3080449,3211264,7143167,1638656,6160384,-5832192,-8191744,-523776,-3932160,-5635840,-4391169,-5636096,-918017,-1966080,-6160641,-8060672,-4128769,-6094848,6815744,3735551,6422528,2490367,2097152,-4128769,1835008,-1835009,-5636097,-2162689,6488063,-393217,-5505025,-6488064,4325376,1310976,-3014656,196864,-8323072,-2686976,7405568,-3145728,2621440,6750208,3342336,3211264,2293760,2818048,6684672,2883584,-5898240,3211264,-5439488,7274496,-7340032,-7536640,-1507329,4980736,5439487,-1245185,-2621441,-4194305,1835008,-7536641,7667712,-3604481,-4390912,-327681,5898240,65536,-1376257,-1048577,-983041,-262145,-1638401,1376256,1048576,4653056,3670016,1966080,4325376,-262145,1376256,-5242881,-1310721,-6160385,786432,-7208961,2097152,-3407873,3866624,-3145729,2621440,3670016,4521984,1572864,2293760,655360,-458753,-1048577,-2490369,262144,3080192,-131073,4587520,524288,2228224,-131073,917504,1900544,-3997697,-786433,-589825,1703936,5046272,4259840,2424832,0,3276800,-1900545,-8126464,-2555905,4259840,-1376257,4718592,-1310721,2883584,196608,2424832,1572864,5570560,2883584,5177344,3473408,7602176,rx
24456,23,736,23,4128769,-3735553,-1900545,-3538945,-1,2228224,-5898241,3407872,-4259841,-393217,-2883585,-524289,-1703937,4063232,-1114113,2949120,-589825,2883584,1638400,1966080,655360,589824,-131073,1048576,-2818049,-3407873,-5439489,-3473409,786432,-917505,2228224,655360,-1441793,1310720,-786433,-4259841,589824,1376256,-393217,-262145,-4325377,-327681,-2490369,2228224,1048576,2686976,1048576,524288,2359296,-1638401,983040,-131073,4784128,-1179649,4849664,-3145729,-720897,-3604481,-2752513,1966080,393216,589824,-851969,-1,5308416,-2293761,1835008,-2883585,196608,1179648,786432,-524289,-3145729,786432,-65537,4784128,1441792,4784128,-983041,-2359297,4587519,-3605249,1310207,5634047,-5702401,-6293761,8192512,5963519,3869440,1312768,-7992320,6555648,-5045248,5439488,-459265,-263681,-459009,3472127,1770240,5439231,6554624,-655360,1770240,5374208,-7864064,-5242880,-8388608,-7929856,-2294017,2883584,2490111,1703935,-5832961,4259583,3014656,-1704193,-2293760,-2883585,6946815,1507328,917247,3735551,7536383,-6029569,-8126464,-131329,-786432,-524289,7995391,-2359297,-4194817,131071,2424575,7339775,-524289,-4522241,-6160384,917503,2490368,4521983,-7602177,-1507329,-8060929,7405568,5963776,-7733248,-7995392,-65537,3145728,-4849665,-1638401,-5177345,2097152,6291455,-851969,7995391,-3538945,-7143425,7208959,-2621441,7340031,2228224,5177343,-458753,-5308417,-262145,-4915201,-655361,-1900545,-262145,-5505025,5832704,-4980737,6488064,-3604481,3473408,-720897,-3276801,720896,-1835009,983040,-4587521,-1376257,-2621441,-1638401,1507328,-3538945,1441792,-3997697,-393217,-1114113,1310720,983040,-327681,589824,-589825,1769472,2228224,-1900545,4849664,-4587521,2490368,-1179649,327680,2228224,4325376,-1966081,6750208,-1245185,917504,-2883585,-917505,-4915201,-2031617,-4784129,-393217,-458753,-3670017,-2818049,-3014657,-3997697,-2424833,0,-2686977,-524289,-1507329,-1703937,786432,-262145,3735552,131072,2097152,-1638401,-786433,-65537,-3211265,720896,983040,-131073,1966080,1507328,5439488,655360,-65537,2228224,2228224,1638400,-1376257,-1572865,-1572865,-1572865,4718592,-1572865,1245184,262144,65536,-1114113,rx
25489,24,739,47,3620865,-131073,786432,-851969,-2555905,-3997697,-3670017,131072,1638400,-1966081,0,2424832,-2293761,2424832,-2818049,2752512,-4128769,-983041,-1769473,-589825,-3080193,1441792,-720897,1769472,-1769473,1048576,-1,-3538945,0,-1310721,917504,-655361,1245184,-6291457,-786433,1441792,-2818049,-917505,3473408,720896,2555904,-1179649,-262145,-2555905,-1900545,-2883585,-2293761,-1441793,196608,-4194305,-851969,-131073,-2031617,-3211265,589824,-1900545,196608,983040,-1179649,-1835009,-524289,-4325377,-1,-2031617,4587520,-131073,1966080,-2686977,393216,-2752513,-4128769,-2621441,-5963777,-4259841,-1638401,-2031617,1245184,7143424,1507328,7012351,393216,1113087,-2752256,-4655361,-2881792,7339519,8260864,5180672,4655616,5510400,-2556161,-5698816,-2951169,-7209473,4783615,4258815,-3668736,-3014656,5441792,3671296,984576,-5307392,3211520,5898752,3342335,7798784,917503,4849663,-6160641,7601919,-2687233,7077631,3407872,-5046273,2884096,-5832704,2621952,-7143425,-3735553,-5767681,5766911,-5898753,-6029313,6291455,-6946560,-6684672,-7601920,3145727,-3801089,5570047,-1966337,2293247,1703936,65535,-4849408,4390912,6291968,4849663,-5111552,7143167,6815744,4325375,-7143425,7667712,4390911,-3473408,3211263,7471104,1507328,-786433,-7667712,4784128,-2097152,524288,-6619136,-7405569,4587520,5308415,-1179649,1114111,-3276801,4063231,-983041,7471103,5308416,-6750209,3145728,-1441793,-2818049,-1507329,-4456449,-4849665,7929855,-4718593,-6750209,-4849665,-4259841,-3604481,4653056,-131073,6291456,-2097153,3932160,1245184,983040,1966080,131072,1048576,-3407873,-393217,-5308417,1638400,-4456449,4784128,-1310721,3145728,-1048577,-3145729,-917505,-3670017,-1638401,-4915201,-4718593,1441792,-5963777,524288,-3211265,1441792,-3866625,1507328,-6160385,-4259841,-7012353,-983041,-196609,-3276801,917504,262144,-2883585,-65537,-3801089,2031616,-4784129,3801088,-6356993,-2162689,-7274497,-1703937,-2818049,-1966081,-1310721,-3801089,-524289,-1179649,-3276801,-720897,-5111809,2424832,-7536641,-327681,-8192001,2621440,-3735553,4063232,-4325377,1638400,-589825,1245184,-2818049,-458753,393216,2359296,-3932161,-589825,-3014657,393216,-3407873,rx
26521,25,741,51,3778151,-589825,0,-3276801,-1900545,458752,2686976,-1900545,3735552,2162688,4653056,-1638401,851968,458752,-851969,131072,983040,4128768,917504,-65537,2818048,-524289,3801088,589824,1507328,1441792,589824,-4259841,-4456449,-1638401,-1048577,-3670017,-262145,-2228225,-720897,-2228225,-1310721,-720897,-1966081,4980736,3407872,1966080,2293760,65536,-589825,983040,393216,1179648,-65537,-1638401,-1966081,-3014657,3342336,-2686977,458752,-3801089,1245184,-524289,983040,-1048577,-917505,-524289,-393217,-2686977,1245184,-2293761,-524289,-1441793,1572864,-2228225,524288,-983041,-1114113,1310720,-65537,131072,-3211265,2228224,1245184,6881280,-1114113,6356735,3931647,-3540993,-6227713,913919,6421759,-1575681,5049088,6488832,-6876160,-455936,-5370368,7275776,4521984,5241599,-5964801,-5048833,7864320,7928319,6882560,-917761,8324352,6553856,-1244672,5046528,-3407872,-1114112,3997695,-6160384,1179391,7208959,1572607,-786945,-2031617,-4260353,7209216,-3080193,3604480,5439744,-5243393,-8323072,-8126977,8060671,5832703,65279,-3473408,-6160385,-2818049,-3145728,-8323585,-2490369,-656129,4521727,-3408129,-7537153,5832704,3538687,-1769473,65535,-3408129,-3145729,-3801345,6946816,2162688,-6160384,196864,2097152,-4915200,-8192001,1900544,7929855,4325376,6422527,3932160,-4980737,0,-1703937,2424831,-3342337,-4915457,-1966081,-983297,-393217,4980735,-1048577,-1441793,720896,-786433,5505024,-1507329,-7143424,-6291457,-7929856,5701631,3866624,-6029313,589824,-3014657,-3735553,-1,-3801089,2818048,851968,-458753,6619136,-1900545,-4718592,-2490369,7602176,-3538945,3145728,-131073,-4128769,1966080,-65537,5767168,-524289,1179648,-524289,-1835009,-458753,-4390913,2949120,-5046273,2031616,-2818049,4653056,1638400,-1376257,-327681,-65537,-1572865,1441792,-2883585,2752512,-2228225,5898240,-2490369,6094848,-1507329,5701632,-2621441,983040,-6684673,2490368,-3473409,0,-4849665,4521984,3801088,5636096,4390912,3932160,1048576,1310720,1114112,1572864,1703936,262144,1376256,-1507329,-1835009,720896,-3473409,1048576,-458753,5767168,-2883585,-8257536,-589825,4128768,-1507329,1507328,-3604481,1376256,-786433,rx
27554,26,743,25,4574414,-3014657,-5505025,-3932161,-4849665,2949120,655360,5046272,1114112,2621440,-393217,-1179649,917504,-786433,-1245185,393216,-917505,786432,-1376257,-327681,-4128769,-2752513,-3866625,4587520,-3801089,2686976,-2686977,-917505,720896,-983041,-2031617,-1245185,-983041,-4325377,-851969,-3211265,-1376257,-65537,-4784129,4784128,-2686977,2097152,-2031617,2752512,-65537,1179648,-4784129,-524289,-1310721,-4653057,1441792,-1900545,3538944,1245184,-3801089,0,1966080,4456448,3932160,1507328,1048576,2359296,262144,-3211265,-1835009,-589825,3145728,1245184,3997696,3473408,1966080,5308416,2686976,-131073,-1835009,-3538945,-4587521,-851969,-1245185,-5767169,-7864321,-1377025,-7078401,-7079937,-197377,5633791,4129280,-459265,5507840,-5634048,-1963008,-7468800,787712,1179904,2686719,-2754049,1507327,-5965313,4588288,1900287,-5700608,-3211264,4653824,2490624,3342592,6029312,-1,1572864,1835007,-1900545,-2490625,458751,5242879,7798527,-2883584,-1179905,983296,-2031617,-4784129,3473408,1507071,-8323073,8126207,-7012609,5636096,2555903,-3735552,-1769473,6356991,-1966081,917247,-1245441,3800831,-6947073,-3342337,-5374209,-6356992,-4522241,3407872,5308415,5963775,-262145,-7471105,-4653056,6881280,-851968,-3276800,2031616,4718592,-8192001,6356992,8323071,7077888,-5505025,983040,-4128769,-8060929,-6750209,-7274497,-3801089,-6225921,-4128769,5439487,917504,-7798785,1114112,-5111809,3932160,-196609,1638400,-7012353,4653056,-7995393,2490368,8257535,2621440,-2949121,-327681,-3538945,-3473409,-655361,-3211265,1114112,786432,-2686977,8060928,-5636097,-7995392,-786433,7143424,1310720,2752512,2097152,720896,2621440,1769472,1048576,1769472,-3932161,1507328,-3407873,-1572865,-4521985,-2097153,-1638401,458752,2359296,1376256,-196609,1245184,-131073,589824,-131073,-1,1376256,3604480,-1441793,-2359297,1048576,-1441793,1310720,-1114113,-2555905,3145728,-1376257,1310720,1966080,-2818049,-2228225,-1310721,-1900545,196608,-5308417,917504,-2228225,655360,-1245185,3801088,1245184,5832704,-1441793,655360,-3080193,-327681,-3932161,983040,-3473409,1835008,-2490369,1638400,-5439489,3538944,-4587521,-1048577,-6094849,3997696,-2359297,rx
28586,27,736,25,4174644,2293760,-3342337,-720897,-5636097,-131073,-4849665,65536,-1,-4194305,1572864,-3670017,-1376257,851968,-1376257,3145728,196608,1900544,458752,1507328,-3735553,262144,3342336,-1179649,-3342337,-4390913,-1507329,-3538945,-589825,-2752513,3932160,-3014657,3407872,-1703937,458752,-1310721,-983041,-262145,-2949121,917504,2621440,-2752513,-458753,-3145729,-3080193,327680,-4194305,-589825,-2162689,-2621441,-3014657,-1,-3211265,1835008,-5177345,-1114113,1114112,-983041,2621440,1376256,-1441793,1179648,-1900545,2621440,-3997697,-196609,-6488065,-3014657,-1572865,-3342337,-327681,-2686977,-720897,-4784129,3538944,-3538945,-1376257,3997696,655360,3801088,-589825,4652799,786175,5044735,-6030337,-8325633,-7798785,2161407,1181952,4719872,4656640,1182208,3475456,1024,2031615,7076863,-4719105,326143,-3997440,3669247,6751232,5505024,-5111040,7864576,-524032,-5898240,-6815744,3801088,7733247,3670016,6815487,5177343,-6553857,5111551,-2162689,5897983,852224,-7208961,524288,7143424,3538687,-1441793,-262657,-1638657,-3866625,-3539201,1048832,-1245185,-4456449,2686976,-3342849,6094847,-4129281,-7536897,6946815,-7667969,-7733248,-5046529,-917505,327679,1376255,-983041,1769471,7208960,-3997697,-7208960,-7471104,3801088,4325376,-3080193,917504,-4653057,5111808,-2686977,655360,-5242881,-1048577,-4980737,-6881281,393216,-7405569,-2097153,5046271,-5046273,-6815745,-3735553,-2359297,720896,-2621441,-2228225,-2621441,-2949121,-4849665,4456448,-6291457,4784128,-6553601,851968,-3735553,-4849665,-786433,-3670017,1835008,2424832,-2031617,7995392,1966080,-8060928,458752,1245184,-3080193,720896,-131073,3932160,1310720,3145728,-983041,3866624,-2031617,4456448,-4653057,-458753,-6422529,-393217,-5242881,-1835009,-983041,3473408,0,196608,-458753,1245184,-3080193,4587520,1048576,2359296,3276800,262144,786432,4325376,327680,3276800,196608,3080192,851968,5308416,4784128,4718592,458752,917504,-2621441,-720897,393216,-327681,1179648,2949120,5439488,4784128,-1441793,4128768,-3080193,5177344,-1245185,3735552,-1966081,3342336,-4849665,589824,-2818049,2293760,-2490369,1310720,-4587521,-1835009,-1900545,-589825,-196609,rx
